tarih,ticker,close,shock_score,watch_score,meta_score,risk_adjusted_score,effective_min_score,z_vol,z_range,z_flow,z_lambda,cmf20,resilience_score,excess_return,rel_1m_pct,rel_3m_pct,trend_persistence,event_score,flow_score,activity_score,liquidity_score,non_price_score,overnight_risk,liq20,volatility,current_positive,crash_resilient,crash_survivor,meta_regime,meta_regime_confidence,macro_label,macro_stress,meta_selection,weight_pct,model_variant,signal_score,regime_label,regime_confidence,label_version,entry_price,realized_1d,realized_3d,realized_5d,gross_5d,cost_rt
2026-09-28,BMY,63.88,87.7,87.7,84.7,87.7,88.9,0.8743138570424198,0.8936460574683118,1.3650056352018867,-0.20038147405215484,0.08567529368107378,88.48717045266127,2.174499485379544,55.18018018018018,77.47747747747748,67.44369369369369,80.34909909909909,88.96396396396396,87.47747747747746,69.5945945945946,82.2,26.677927927927925,608493220.5,1.2595700434974926,True,True,True,STRESS,0.46,RISK_ON,0.156,WATCH,0.0,active,87.7,STRESS,0.46,2,,,,,,
2026-09-28,PG,149.03,87.5,87.5,84.5,87.5,88.9,0.23800161502290118,2.018865926981434,1.3719763956606772,1.3151392682398972,0.1487499684075889,85.58849495949042,2.4666377360256786,88.73873873873875,60.13513513513513,73.00675675675676,86.04729729729729,92.83783783783784,67.92792792792793,84.45945945945947,84.1,10.655405405405403,1154547831.0,0.9753035019713792,True,True,True,STRESS,0.46,RISK_ON,0.156,WATCH,0.0,active,87.5,STRESS,0.46,2,,,,,,
2026-09-28,WAT,442.94,85.9,85.9,82.9,85.9,88.9,0.9335201398883289,2.253311358905642,1.2321809709494342,0.2288818184863963,0.0796153579066485,93.69515103338632,2.7200426758165253,90.54054054054053,89.63963963963964,90.04504504504504,89.4481981981982,86.93693693693695,91.03603603603604,32.432432432432435,77.6,47.702702702702695,291605693.0,1.4197997510843408,True,False,False,STRESS,0.46,RISK_ON,0.156,WATCH,0.0,active,85.9,STRESS,0.46,2,,,,,,
2026-09-28,DHR,227.33,85.7,85.7,82.7,85.7,88.9,0.4075954887710139,0.5562057438915253,0.9301524935447547,-0.4386094369598974,0.22847167751793349,89.33590836058991,1.8169357286395793,90.76576576576578,87.38738738738738,88.90765765765767,69.72972972972973,90.99099099099098,77.47747747747748,74.09909909909909,78.5,30.990990990990994,738492574.0,1.5957015722657935,True,True,True,STRESS,0.46,RISK_ON,0.156,WATCH,0.0,active,85.7,STRESS,0.46,2,,,,,,
2026-09-28,ISRG,414.79,83.7,83.7,80.7,83.7,88.9,-0.16918872881077465,0.5319248971587671,1.2223193566936428,0.5341159976354124,0.26813980999620446,87.23310810810813,2.9236313489678367,96.84684684684684,64.1891891891892,78.88513513513513,71.1036036036036,94.68468468468468,57.16216216216216,79.27927927927928,77.0,32.06531531531531,835753528.0,1.765109680325331,True,True,True,STRESS,0.46,RISK_ON,0.156,REJECTED,0.0,active,83.7,STRESS,0.46,2,,,,,,
2026-09-28,VTRS,18.27,83.5,83.5,80.5,83.5,88.9,1.079208085243487,2.0770020078047033,1.1740621232485984,0.37124252244175504,0.19539532047418712,93.26615598598356,3.0195969511221388,94.36936936936937,82.88288288288288,88.05180180180182,91.29504504504506,92.25225225225225,92.16216216216216,1.1261261261261262,73.7,40.52477477477478,127047290.0,1.2770483530565908,True,False,False,STRESS,0.46,RISK_ON,0.156,REJECTED,0.0,active,83.5,STRESS,0.46,2,,,,,,
2026-09-28,PANW,392.09,82.9,82.9,79.9,82.9,88.9,-0.09884097716589138,1.1828832723385707,1.306976252001983,0.8975766283740672,0.16864134607991857,88.5328110432463,5.181722684152323,84.23423423423422,87.61261261261262,86.09234234234235,74.05405405405406,93.1081081081081,37.25225225225225,93.91891891891892,76.4,52.8873873873874,2325362816.0,4.455606542053997,True,True,True,STRESS,0.46,RISK_ON,0.156,REJECTED,0.0,active,82.9,STRESS,0.46,2,,,,,,
2026-09-28,PGR,209.47,82.9,82.9,79.9,82.9,88.9,0.9051557989895022,0.47163101670525687,1.5002161178140425,0.055123314555245474,-0.009702318759133216,82.62889237785505,2.4837194489489955,59.23423423423423,46.62162162162162,52.2972972972973,78.94144144144144,82.88288288288288,88.55855855855856,58.333333333333336,77.9,32.47747747747748,457069456.5,1.3662907294659432,True,True,True,STRESS,0.46,RISK_ON,0.156,REJECTED,0.0,active,82.9,STRESS,0.46,2,,,,,,
2026-09-28,MDT,89.5,82.7,82.7,79.7,82.7,88.9,3.3421262721028224,0.18177912081510236,1.5817889063216777,-0.8375054833715296,-0.13428454344798543,86.42619671910715,1.5220625761284468,76.35135135135135,79.72972972972973,78.20945945945947,66.83558558558559,66.48648648648648,99.45945945945945,80.85585585585585,76.1,35.858108108108105,904345680.0,1.1888286293522157,True,True,True,STRESS,0.46,RISK_ON,0.156,REJECTED,0.0,active,82.7,STRESS,0.46,2,,,,,,
2026-09-28,MAR,358.57,82.0,82.0,79.0,82.0,88.9,0.410139060007811,1.0862357833587348,1.3363447596443097,0.5893895613163989,0.09356226030377257,81.44480850196929,2.4096421801805046,81.08108108108108,47.52252252252252,62.623873873873876,82.36486486486487,89.50450450450451,67.56756756756756,62.83783783783784,77.6,25.398648648648646,511400038.5,1.3848392238994476,True,True,True,STRESS,0.46,RISK_ON,0.156,REJECTED,0.0,active,82.0,STRESS,0.46,2,,,,,,
